[
      {"CardName" : "yang1", "Star":"Fire", "Weather" : {"WeatherID" : "Spring"}, "zodiac" :"yang", "spriteNum": 1},
     {"CardName" : "yang2", "Star":"Fire", "Weather" : {"WeatherID" : "Spring"}, "zodiac": "yang","spriteNum": 1},
     {"CardName" : "yang3", "Star":"Fire", "Weather" : {"WeatherID" : "Spring"}, "zodiac": "yang","spriteNum": 1},
    {"CardName" : "yang4", "Star":"Fire", "Weather" : {"WeatherID" : "Spring"}, "zodiac": "yang","spriteNum": 1},
     {"CardName" : "saza1", "Star":"Fire", "Weather" : {"WeatherID" : "Summer"}, "zodiac": "saza","spriteNum": 5},
     {"CardName" : "saza2", "Star":"Fire", "Weather" : {"WeatherID" : "Summer"}, "zodiac": "saza","spriteNum": 5},
     {"CardName" : "saza3", "Star":"Fire", "Weather" : {"WeatherID" : "Summer"}, "zodiac": "saza","spriteNum": 5},
     {"CardName" : "saza4", "Star":"Fire", "Weather" : {"WeatherID" : "Summer"}, "zodiac": "saza","spriteNum": 5},
     {"CardName" : "sasu1", "Star":"Fire", "Weather" : {"WeatherID" : "Fall"}, "zodiac": "sasu","spriteNum": 8},
    {"CardName" : "sasu2", "Star":"Fire", "Weather" : {"WeatherID" : "Fall"}, "zodiac": "sasu","spriteNum": 8},
    {"CardName" : "sasu3", "Star":"Fire", "Weather" : {"WeatherID" : "Fall"}, "zodiac": "sasu","spriteNum": 8},
    {"CardName" : "sasu4", "Star":"Fire", "Weather" : {"WeatherID" : "Fall"}, "zodiac": "sasu","spriteNum": 8},
    {"CardName" : "hwangso1", "Star":"Dirt", "Weather" : {"WeatherID" : "Spring"}, "zodiac": "hwangso","spriteNum": 10},
    {"CardName" : "hwangso2", "Star":"Dirt", "Weather" : {"WeatherID" : "Spring"}, "zodiac": "hwangso","spriteNum": 10},
    {"CardName" : "hwangso3", "Star":"Dirt", "Weather" : {"WeatherID" : "Spring"}, "zodiac": "hwangso","spriteNum": 10},
    {"CardName" : "hwangso4", "Star":"Dirt", "Weather" : {"WeatherID" : "Spring"}, "zodiac": "hwangso","spriteNum": 10},
    {"CardName" : "cheonyeo1", "Star":"Dirt", "Weather" : {"WeatherID" : "Summer"}, "zodiac": "cheonyeo","spriteNum": 11},
    {"CardName" : "cheonyeo2", "Star":"Dirt", "Weather" : {"WeatherID" : "Summer"}, "zodiac": "cheonyeo","spriteNum": 11},
    {"CardName" : "cheonyeo3", "Star":"Dirt", "Weather" : {"WeatherID" : "Summer"}, "zodiac": "cheonyeo","spriteNum": 11},
    {"CardName" : "cheonyeo4", "Star":"Dirt", "Weather" : {"WeatherID" : "Summer"}, "zodiac": "cheonyeo","spriteNum": 11},
    {"CardName" : "yeomso1", "Star":"Dirt", "Weather" : {"WeatherID" : "Winter"}, "zodiac": "yeomso","spriteNum": 3},
    {"CardName" : "yeomso2", "Star":"Dirt", "Weather" : {"WeatherID" : "Winter"}, "zodiac": "yeomso","spriteNum": 3},
    {"CardName" : "yeomso3", "Star":"Dirt", "Weather" : {"WeatherID" : "Winter"}, "zodiac": "yeomso","spriteNum": 3},
    {"CardName" : "yeomso4", "Star":"Dirt", "Weather" : {"WeatherID" : "Winter"}, "zodiac": "yeomso","spriteNum": 3},
    {"CardName" : "ssangdongyi1", "Star":"Air", "Weather" : {"WeatherID" : "Spring"}, "zodiac": "ssangdongyi","spriteNum": 4},
    {"CardName" : "ssangdongyi2", "Star":"Air", "Weather" : {"WeatherID" : "Spring"}, "zodiac": "ssangdongyi","spriteNum": 4},
    {"CardName" : "ssangdongyi3", "Star":"Air", "Weather" : {"WeatherID" : "Spring"}, "zodiac": "ssangdongyi","spriteNum": 4},
    {"CardName" : "ssangdongyi4", "Star":"Air", "Weather" : {"WeatherID" : "Spring"}, "zodiac": "ssangdongyi","spriteNum": 4},
    {"CardName" : "cheonching1", "Star":"Air", "Weather" : {"WeatherID" : "Fall"}, "zodiac": "cheonching","spriteNum": 6},
        {"CardName" : "cheonching2", "Star":"Air", "Weather" : {"WeatherID" : "Fall"}, "zodiac": "cheonching","spriteNum": 6},
        {"CardName" : "cheonching3", "Star":"Air", "Weather" : {"WeatherID" : "Fall"}, "zodiac": "cheonching","spriteNum": 6},
        {"CardName" : "cheonching4", "Star":"Air", "Weather" : {"WeatherID" : "Fall"}, "zodiac": "cheonching","spriteNum": 6},
        {"CardName" : "mulbyeong1", "Star":"Air", "Weather" : {"WeatherID" : "Winter"}, "zodiac": "mulbyeong","spriteNum" : 0},
     {"CardName" : "mulbyeong2", "Star":"Air", "Weather" : {"WeatherID" : "Winter"}, "zodiac": "mulbyeong","spriteNum" : 0},
     {"CardName" : "mulbyeong3", "Star":"Air", "Weather" : {"WeatherID" : "Winter"}, "zodiac": "mulbyeong","spriteNum" : 0},
     {"CardName" : "mulbyeong4", "Star":"Air", "Weather" : {"WeatherID" : "Winter"}, "zodiac": "mulbyeong","spriteNum" : 0},
     {"CardName" : "ge1", "Star":"Water", "Weather" : {"WeatherID" : "Summer"}, "zodiac": "ge","spriteNum": 2},
    {"CardName" : "ge2", "Star":"Water", "Weather" : {"WeatherID" : "Summer"}, "zodiac": "ge","spriteNum": 2},
    {"CardName" : "ge3", "Star":"Water", "Weather" : {"WeatherID" : "Summer"}, "zodiac": "ge","spriteNum": 2},
    {"CardName" : "ge4", "Star":"Water", "Weather" : {"WeatherID" : "Summer"}, "zodiac": "ge","spriteNum": 2},
    {"CardName" : "jeongal1", "Star":"Water", "Weather" : {"WeatherID" : "Fall"}, "zodiac": "jeongal","spriteNum": 9},
    {"CardName" : "jeongal2", "Star":"Water", "Weather" : {"WeatherID" : "Fall"}, "zodiac": "jeongal","spriteNum": 9},
    {"CardName" : "jeongal3", "Star":"Water", "Weather" : {"WeatherID" : "Fall"}, "zodiac": "jeongal","spriteNum": 9},
    {"CardName" : "jeongal4", "Star":"Water", "Weather" : {"WeatherID" : "Fall"}, "zodiac": "jeongal","spriteNum": 9},
    {"CardName" : "mulgogi1", "Star":"Water", "Weather" : {"WeatherID" : "Winter"}, "zodiac": "mulgogi","spriteNum": 7},
    {"CardName" : "mulgogi2", "Star":"Water", "Weather" : {"WeatherID" : "Winter"}, "zodiac": "mulgogi","spriteNum": 7},
    {"CardName" : "mulgogi3", "Star":"Water", "Weather" : {"WeatherID" : "Winter"}, "zodiac": "mulgogi","spriteNum": 7},
    {"CardName" : "mulgogi4", "Star":"Water", "Weather" : {"WeatherID" : "Winter"}, "zodiac": "mulgogi","spriteNum": 7}
  ]